{
  "412281": {
    "bioguide": "H001046", 
    "last": "Heinrich", 
    "name": "Martin Heinrich", 
    "url": "http://www.heinrich.senate.gov", 
    "votes": [
      37, 
      37
    ], 
    "state": "NM", 
    "party": "Democrat"
  }, 
  "412200": {
    "bioguide": "H001042", 
    "last": "Hirono", 
    "name": "Mazie K. Hirono", 
    "url": "http://www.hirono.senate.gov", 
    "votes": [
      37, 
      37
    ], 
    "state": "HI", 
    "party": "Democrat"
  }, 
  "400576": {
    "bioguide": "C000560", 
    "last": "Coburn", 
    "name": "Tom Coburn", 
    "url": "http://www.coburn.senate.gov", 
    "votes": [
      34, 
      37
    ], 
    "state": "OK", 
    "party": "Republican"
  }, 
  "412205": {
    "bioguide": "D000607", 
    "last": "Donnelly", 
    "name": "Joe Donnelly", 
    "url": "http://www.donnelly.senate.gov", 
    "votes": [
      37, 
      37
    ], 
    "state": "IN", 
    "party": "Democrat"
  }, 
  "400222": {
    "bioguide": "K000360", 
    "last": "Kirk", 
    "name": "Mark Kirk", 
    "url": "http://www.kirk.senate.gov", 
    "votes": [
      37, 
      37
    ], 
    "state": "IL", 
    "party": "Republican"
  }, 
  "300025": {
    "bioguide": "C001035", 
    "last": "Collins", 
    "name": "Susan M. Collins", 
    "url": "http://www.collins.senate.gov", 
    "votes": [
      37, 
      37
    ], 
    "state": "ME", 
    "party": "Republican"
  }, 
  "300027": {
    "bioguide": "C001056", 
    "last": "Cornyn", 
    "name": "John Cornyn", 
    "url": "http://www.cornyn.senate.gov", 
    "votes": [
      37, 
      37
    ], 
    "state": "TX", 
    "party": "Republican"
  }, 
  "300021": {
    "bioguide": "C000286", 
    "last": "Chambliss", 
    "name": "Saxby Chambliss", 
    "url": "http://www.chambliss.senate.gov", 
    "votes": [
      34, 
      37
    ], 
    "state": "GA", 
    "party": "Republican"
  }, 
  "300023": {
    "bioguide": "C000567", 
    "last": "Cochran", 
    "name": "Thad Cochran", 
    "url": "http://www.cochran.senate.gov", 
    "votes": [
      36, 
      37
    ], 
    "state": "MS", 
    "party": "Republican"
  }, 
  "412471": {
    "bioguide": "S001184", 
    "last": "Scott", 
    "name": "Tim Scott", 
    "url": "http://www.scott.senate.gov", 
    "votes": [
      37, 
      37
    ], 
    "state": "SC", 
    "party": "Republican"
  }, 
  "400034": {
    "bioguide": "B000575", 
    "last": "Blunt", 
    "name": "Roy Blunt", 
    "url": "http://www.blunt.senate.gov", 
    "votes": [
      37, 
      37
    ], 
    "state": "MO", 
    "party": "Republican"
  }, 
  "412507": {
    "bioguide": "S001194", 
    "last": "Schatz", 
    "name": "Brian Schatz", 
    "url": "http://www.schatz.senate.gov", 
    "votes": [
      37, 
      37
    ], 
    "state": "HI", 
    "party": "Democrat"
  }, 
  "412586": {
    "bioguide": "C001099", 
    "last": "Cowan", 
    "name": "William M. Cowan / John F. Kerry", 
    "url": "http://www.cowan.senate.gov", 
    "votes": [
      30, 
      36
    ], 
    "state": "MA", 
    "party": "Democrat"
  }, 
  "400408": {
    "bioguide": "T000461", 
    "last": "Toomey", 
    "name": "Patrick J. Toomey", 
    "url": "http://www.toomey.senate.gov", 
    "votes": [
      35, 
      37
    ], 
    "state": "PA", 
    "party": "Republican"
  }, 
  "412582": {
    "bioguide": "K000384", 
    "last": "Kaine", 
    "name": "Tim Kaine", 
    "url": "http://www.kaine.senate.gov", 
    "votes": [
      37, 
      37
    ], 
    "state": "VA", 
    "party": "Democrat"
  }, 
  "412378": {
    "bioguide": "F000457", 
    "last": "Franken", 
    "name": "Al Franken", 
    "url": "http://www.franken.senate.gov", 
    "votes": [
      37, 
      37
    ], 
    "state": "MN", 
    "party": "Democrat"
  }, 
  "300093": {
    "bioguide": "S000770", 
    "last": "Stabenow", 
    "name": "Debbie Stabenow", 
    "url": "http://www.stabenow.senate.gov", 
    "votes": [
      37, 
      37
    ], 
    "state": "MI", 
    "party": "Democrat"
  }, 
  "400134": {
    "bioguide": "F000444", 
    "last": "Flake", 
    "name": "Jeff Flake", 
    "url": "http://www.flake.senate.gov", 
    "votes": [
      36, 
      37
    ], 
    "state": "AZ", 
    "party": "Republican"
  }, 
  "300011": {
    "bioguide": "B000711", 
    "last": "Boxer", 
    "name": "Barbara Boxer", 
    "url": "http://www.boxer.senate.gov", 
    "votes": [
      35, 
      37
    ], 
    "state": "CA", 
    "party": "Democrat"
  }, 
  "300018": {
    "bioguide": "C000127", 
    "last": "Cantwell", 
    "name": "Maria Cantwell", 
    "url": "http://www.cantwell.senate.gov", 
    "votes": [
      37, 
      37
    ], 
    "state": "WA", 
    "party": "Democrat"
  }, 
  "300019": {
    "bioguide": "C000174", 
    "last": "Carper", 
    "name": "Thomas R. Carper", 
    "url": "http://www.carper.senate.gov", 
    "votes": [
      37, 
      37
    ], 
    "state": "DE", 
    "party": "Democrat"
  }, 
  "412321": {
    "bioguide": "W000805", 
    "last": "Warner", 
    "name": "Mark R. Warner", 
    "url": "http://www.warner.senate.gov", 
    "votes": [
      37, 
      37
    ], 
    "state": "VA", 
    "party": "Democrat"
  }, 
  "400325": {
    "bioguide": "P000449", 
    "last": "Portman", 
    "name": "Rob Portman", 
    "url": "http://www.portman.senate.gov", 
    "votes": [
      37, 
      37
    ], 
    "state": "OH", 
    "party": "Republican"
  }, 
  "300087": {
    "bioguide": "S000148", 
    "last": "Schumer", 
    "name": "Charles E. Schumer", 
    "url": "http://www.schumer.senate.gov", 
    "votes": [
      37, 
      37
    ], 
    "state": "NY", 
    "party": "Democrat"
  }, 
  "300084": {
    "bioguide": "R000361", 
    "last": "Rockefeller", 
    "name": "John D. Rockefeller, IV", 
    "url": "http://www.rockefeller.senate.gov", 
    "votes": [
      36, 
      37
    ], 
    "state": "WV", 
    "party": "Democrat"
  }, 
  "300083": {
    "bioguide": "R000307", 
    "last": "Roberts", 
    "name": "Pat Roberts", 
    "url": "http://www.roberts.senate.gov", 
    "votes": [
      36, 
      37
    ], 
    "state": "KS", 
    "party": "Republican"
  }, 
  "300082": {
    "bioguide": "R000146", 
    "last": "Reid", 
    "name": "Harry Reid", 
    "url": "http://www.reid.senate.gov", 
    "votes": [
      37, 
      37
    ], 
    "state": "NV", 
    "party": "Democrat"
  }, 
  "300081": {
    "bioguide": "R000122", 
    "last": "Reed", 
    "name": "Jack Reed", 
    "url": "http://www.reed.senate.gov", 
    "votes": [
      36, 
      37
    ], 
    "state": "RI", 
    "party": "Democrat"
  }, 
  "300080": {
    "bioguide": "P000590", 
    "last": "Pryor", 
    "name": "Mark L. Pryor", 
    "url": "http://www.pryor.senate.gov", 
    "votes": [
      37, 
      37
    ], 
    "state": "AR", 
    "party": "Democrat"
  }, 
  "300089": {
    "bioguide": "S000320", 
    "last": "Shelby", 
    "name": "Richard C. Shelby", 
    "url": "http://www.shelby.senate.gov", 
    "votes": [
      36, 
      37
    ], 
    "state": "AL", 
    "party": "Republican"
  }, 
  "300088": {
    "bioguide": "S001141", 
    "last": "Sessions", 
    "name": "Jeff Sessions", 
    "url": "http://www.sessions.senate.gov", 
    "votes": [
      36, 
      37
    ], 
    "state": "AL", 
    "party": "Republican"
  }, 
  "400284": {
    "bioguide": "M000934", 
    "last": "Moran", 
    "name": "Jerry Moran", 
    "url": "http://www.moran.senate.gov", 
    "votes": [
      35, 
      37
    ], 
    "state": "KS", 
    "party": "Republican"
  }, 
  "400418": {
    "bioguide": "V000127", 
    "last": "Vitter", 
    "name": "David Vitter", 
    "url": "http://www.vitter.senate.gov", 
    "votes": [
      29, 
      37
    ], 
    "state": "LA", 
    "party": "Republican"
  }, 
  "400040": {
    "bioguide": "B001236", 
    "last": "Boozman", 
    "name": "John Boozman", 
    "url": "http://www.boozman.senate.gov", 
    "votes": [
      37, 
      37
    ], 
    "state": "AR", 
    "party": "Republican"
  }, 
  "400413": {
    "bioguide": "U000039", 
    "last": "Udall", 
    "name": "Tom Udall", 
    "url": "http://www.tomudall.senate.gov", 
    "votes": [
      37, 
      37
    ], 
    "state": "NM", 
    "party": "Democrat"
  }, 
  "400412": {
    "bioguide": "U000038", 
    "last": "Udall", 
    "name": "Mark Udall", 
    "url": "http://www.markudall.senate.gov", 
    "votes": [
      31, 
      37
    ], 
    "state": "CO", 
    "party": "Democrat"
  }, 
  "300005": {
    "bioguide": "B000243", 
    "last": "Baucus", 
    "name": "Max Baucus", 
    "url": "http://www.baucus.senate.gov", 
    "votes": [
      37, 
      37
    ], 
    "state": "MT", 
    "party": "Democrat"
  }, 
  "300002": {
    "bioguide": "A000360", 
    "last": "Alexander", 
    "name": "Lamar Alexander", 
    "url": "http://www.alexander.senate.gov", 
    "votes": [
      35, 
      37
    ], 
    "state": "TN", 
    "party": "Republican"
  }, 
  "412391": {
    "bioguide": "M001183", 
    "last": "Manchin", 
    "name": "Joe Manchin, III", 
    "url": "http://www.manchin.senate.gov", 
    "votes": [
      36, 
      37
    ], 
    "state": "WV", 
    "party": "Democrat"
  }, 
  "412390": {
    "bioguide": "C001088", 
    "last": "Coons", 
    "name": "Christopher A. Coons", 
    "url": "http://www.coons.senate.gov", 
    "votes": [
      37, 
      37
    ], 
    "state": "DE", 
    "party": "Democrat"
  }, 
  "400194": {
    "bioguide": "I000055", 
    "last": "Isakson", 
    "name": "Johnny Isakson", 
    "url": "http://www.isakson.senate.gov", 
    "votes": [
      36, 
      37
    ], 
    "state": "GA", 
    "party": "Republican"
  }, 
  "412496": {
    "bioguide": "J000293", 
    "last": "Johnson", 
    "name": "Ron Johnson", 
    "url": "http://www.ronjohnson.senate.gov", 
    "votes": [
      35, 
      37
    ], 
    "state": "WI", 
    "party": "Republican"
  }, 
  "400357": {
    "bioguide": "S000033", 
    "last": "Sanders", 
    "name": "Bernard Sanders", 
    "url": "http://www.sanders.senate.gov", 
    "votes": [
      36, 
      37
    ], 
    "state": "VT", 
    "party": "Independent"
  }, 
  "412494": {
    "bioguide": "H001061", 
    "last": "Hoeven", 
    "name": "John Hoeven", 
    "url": "http://www.hoeven.senate.gov", 
    "votes": [
      36, 
      37
    ], 
    "state": "ND", 
    "party": "Republican"
  }, 
  "412495": {
    "bioguide": "L000577", 
    "last": "Lee", 
    "name": "Mike Lee", 
    "url": "http://www.lee.senate.gov", 
    "votes": [
      37, 
      37
    ], 
    "state": "UT", 
    "party": "Republican"
  }, 
  "412492": {
    "bioguide": "P000603", 
    "last": "Paul", 
    "name": "Rand Paul", 
    "url": "http://www.paul.senate.gov", 
    "votes": [
      35, 
      37
    ], 
    "state": "KY", 
    "party": "Republican"
  }, 
  "412493": {
    "bioguide": "A000368", 
    "last": "Ayotte", 
    "name": "Kelly Ayotte", 
    "url": "http://www.ayotte.senate.gov", 
    "votes": [
      37, 
      37
    ], 
    "state": "NH", 
    "party": "Republican"
  }, 
  "412490": {
    "bioguide": "B001277", 
    "last": "Blumenthal", 
    "name": "Richard Blumenthal", 
    "url": "http://www.blumenthal.senate.gov", 
    "votes": [
      37, 
      37
    ], 
    "state": "CT", 
    "party": "Democrat"
  }, 
  "412491": {
    "bioguide": "R000595", 
    "last": "Rubio", 
    "name": "Marco Rubio", 
    "url": "http://www.rubio.senate.gov", 
    "votes": [
      37, 
      37
    ], 
    "state": "FL", 
    "party": "Republican"
  }, 
  "412251": {
    "bioguide": "B001261", 
    "last": "Barrasso", 
    "name": "John Barrasso", 
    "url": "http://www.barrasso.senate.gov", 
    "votes": [
      37, 
      37
    ], 
    "state": "WY", 
    "party": "Republican"
  }, 
  "400050": {
    "bioguide": "B000944", 
    "last": "Brown", 
    "name": "Sherrod Brown", 
    "url": "http://www.brown.senate.gov", 
    "votes": [
      36, 
      37
    ], 
    "state": "OH", 
    "party": "Democrat"
  }, 
  "300078": {
    "bioguide": "N000032", 
    "last": "Nelson", 
    "name": "Bill Nelson", 
    "url": "http://www.billnelson.senate.gov", 
    "votes": [
      37, 
      37
    ], 
    "state": "FL", 
    "party": "Democrat"
  }, 
  "300072": {
    "bioguide": "M000355", 
    "last": "McConnell", 
    "name": "Mitch McConnell", 
    "url": "http://www.mcconnell.senate.gov", 
    "votes": [
      37, 
      37
    ], 
    "state": "KY", 
    "party": "Republican"
  }, 
  "300073": {
    "bioguide": "M000702", 
    "last": "Mikulski", 
    "name": "Barbara A. Mikulski", 
    "url": "http://www.mikulski.senate.gov", 
    "votes": [
      36, 
      37
    ], 
    "state": "MD", 
    "party": "Democrat"
  }, 
  "300071": {
    "bioguide": "M000303", 
    "last": "McCain", 
    "name": "John McCain", 
    "url": "http://www.mccain.senate.gov", 
    "votes": [
      36, 
      37
    ], 
    "state": "AZ", 
    "party": "Republican"
  }, 
  "300076": {
    "bioguide": "M001111", 
    "last": "Murray", 
    "name": "Patty Murray", 
    "url": "http://www.murray.senate.gov", 
    "votes": [
      28, 
      37
    ], 
    "state": "WA", 
    "party": "Democrat"
  }, 
  "300075": {
    "bioguide": "M001153", 
    "last": "Murkowski", 
    "name": "Lisa Murkowski", 
    "url": "http://www.murkowski.senate.gov", 
    "votes": [
      36, 
      37
    ], 
    "state": "AK", 
    "party": "Republican"
  }, 
  "412324": {
    "bioguide": "H001049", 
    "last": "Hagan", 
    "name": "Kay R. Hagan", 
    "url": "http://www.hagan.senate.gov", 
    "votes": [
      37, 
      37
    ], 
    "state": "NC", 
    "party": "Democrat"
  }, 
  "412325": {
    "bioguide": "M001176", 
    "last": "Merkley", 
    "name": "Jeff Merkley", 
    "url": "http://www.merkley.senate.gov", 
    "votes": [
      37, 
      37
    ], 
    "state": "OR", 
    "party": "Democrat"
  }, 
  "412326": {
    "bioguide": "B001265", 
    "last": "Begich", 
    "name": "Mark Begich", 
    "url": "http://www.begich.senate.gov", 
    "votes": [
      33, 
      37
    ], 
    "state": "AK", 
    "party": "Democrat"
  }, 
  "412320": {
    "bioguide": "J000291", 
    "last": "Johanns", 
    "name": "Mike Johanns", 
    "url": "http://www.johanns.senate.gov", 
    "votes": [
      36, 
      37
    ], 
    "state": "NE", 
    "party": "Republican"
  }, 
  "400432": {
    "bioguide": "W000437", 
    "last": "Wicker", 
    "name": "Roger F. Wicker", 
    "url": "http://www.wicker.senate.gov", 
    "votes": [
      35, 
      37
    ], 
    "state": "MS", 
    "party": "Republican"
  }, 
  "412322": {
    "bioguide": "R000584", 
    "last": "Risch", 
    "name": "James E. Risch", 
    "url": "http://www.risch.senate.gov", 
    "votes": [
      37, 
      37
    ], 
    "state": "ID", 
    "party": "Republican"
  }, 
  "412323": {
    "bioguide": "S001181", 
    "last": "Shaheen", 
    "name": "Jeanne Shaheen", 
    "url": "http://www.shaheen.senate.gov", 
    "votes": [
      37, 
      37
    ], 
    "state": "NH", 
    "party": "Democrat"
  }, 
  "400064": {
    "bioguide": "C000141", 
    "last": "Cardin", 
    "name": "Benjamin L. Cardin", 
    "url": "http://www.cardin.senate.gov", 
    "votes": [
      37, 
      37
    ], 
    "state": "MD", 
    "party": "Democrat"
  }, 
  "412248": {
    "bioguide": "C001071", 
    "last": "Corker", 
    "name": "Bob Corker", 
    "url": "http://www.corker.senate.gov", 
    "votes": [
      37, 
      37
    ], 
    "state": "TN", 
    "party": "Republican"
  }, 
  "412247": {
    "bioguide": "W000802", 
    "last": "Whitehouse", 
    "name": "Sheldon Whitehouse", 
    "url": "http://www.whitehouse.senate.gov", 
    "votes": [
      34, 
      37
    ], 
    "state": "RI", 
    "party": "Democrat"
  }, 
  "412246": {
    "bioguide": "C001070", 
    "last": "Casey", 
    "name": "Robert P. Casey, Jr.", 
    "url": "http://www.casey.senate.gov", 
    "votes": [
      37, 
      37
    ], 
    "state": "PA", 
    "party": "Democrat"
  }, 
  "412244": {
    "bioguide": "T000464", 
    "last": "Tester", 
    "name": "Jon Tester", 
    "url": "http://www.tester.senate.gov", 
    "votes": [
      37, 
      37
    ], 
    "state": "MT", 
    "party": "Democrat"
  }, 
  "412243": {
    "bioguide": "M001170", 
    "last": "McCaskill", 
    "name": "Claire McCaskill", 
    "url": "http://www.mccaskill.senate.gov", 
    "votes": [
      37, 
      37
    ], 
    "state": "MO", 
    "party": "Democrat"
  }, 
  "412242": {
    "bioguide": "K000367", 
    "last": "Klobuchar", 
    "name": "Amy Klobuchar", 
    "url": "http://www.klobuchar.senate.gov", 
    "votes": [
      37, 
      37
    ], 
    "state": "MN", 
    "party": "Democrat"
  }, 
  "412573": {
    "bioguide": "C001098", 
    "last": "Cruz", 
    "name": "Ted Cruz", 
    "url": "http://www.cruz.senate.gov", 
    "votes": [
      36, 
      37
    ], 
    "state": "TX", 
    "party": "Republican"
  }, 
  "400546": {
    "bioguide": "T000250", 
    "last": "Thune", 
    "name": "John Thune", 
    "url": "http://www.thune.senate.gov", 
    "votes": [
      37, 
      37
    ], 
    "state": "SD", 
    "party": "Republican"
  }, 
  "300100": {
    "bioguide": "W000779", 
    "last": "Wyden", 
    "name": "Ron Wyden", 
    "url": "http://www.wyden.senate.gov", 
    "votes": [
      37, 
      37
    ], 
    "state": "OR", 
    "party": "Democrat"
  }, 
  "300063": {
    "bioguide": "L000550", 
    "last": "Landrieu", 
    "name": "Mary L. Landrieu", 
    "url": "http://www.landrieu.senate.gov", 
    "votes": [
      35, 
      37
    ], 
    "state": "LA", 
    "party": "Democrat"
  }, 
  "300065": {
    "bioguide": "L000174", 
    "last": "Leahy", 
    "name": "Patrick J. Leahy", 
    "url": "http://www.leahy.senate.gov", 
    "votes": [
      37, 
      37
    ], 
    "state": "VT", 
    "party": "Democrat"
  }, 
  "300064": {
    "bioguide": "L000123", 
    "last": "Lautenberg", 
    "name": "Frank R. Lautenberg", 
    "url": "http://www.lautenberg.senate.gov", 
    "votes": [
      23, 
      37
    ], 
    "state": "NJ", 
    "party": "Democrat"
  }, 
  "300066": {
    "bioguide": "L000261", 
    "last": "Levin", 
    "name": "Carl Levin", 
    "url": "http://www.levin.senate.gov", 
    "votes": [
      37, 
      37
    ], 
    "state": "MI", 
    "party": "Democrat"
  }, 
  "400272": {
    "bioguide": "M000639", 
    "last": "Men\u00e9ndez", 
    "name": "Robert Menendez", 
    "url": "http://menendez.senate.gov", 
    "votes": [
      37, 
      37
    ], 
    "state": "NJ", 
    "party": "Democrat"
  }, 
  "400054": {
    "bioguide": "B001135", 
    "last": "Burr", 
    "name": "Richard Burr", 
    "url": "http://www.burr.senate.gov", 
    "votes": [
      35, 
      37
    ], 
    "state": "NC", 
    "party": "Republican"
  }, 
  "412330": {
    "bioguide": "B001267", 
    "last": "Bennet", 
    "name": "Michael F. Bennet", 
    "url": "http://www.bennet.senate.gov", 
    "votes": [
      37, 
      37
    ], 
    "state": "CO", 
    "party": "Democrat"
  }, 
  "300055": {
    "bioguide": "I000024", 
    "last": "Inhofe", 
    "name": "James M. Inhofe", 
    "url": "http://www.inhofe.senate.gov", 
    "votes": [
      37, 
      37
    ], 
    "state": "OK", 
    "party": "Republican"
  }, 
  "300051": {
    "bioguide": "H000206", 
    "last": "Harkin", 
    "name": "Tom Harkin", 
    "url": "http://www.harkin.senate.gov", 
    "votes": [
      35, 
      37
    ], 
    "state": "IA", 
    "party": "Democrat"
  }, 
  "300052": {
    "bioguide": "H000338", 
    "last": "Hatch", 
    "name": "Orrin G. Hatch", 
    "url": "http://www.hatch.senate.gov", 
    "votes": [
      36, 
      37
    ], 
    "state": "UT", 
    "party": "Republican"
  }, 
  "412542": {
    "bioguide": "W000817", 
    "last": "Warren", 
    "name": "Elizabeth Warren", 
    "url": "http://www.warren.senate.gov", 
    "votes": [
      37, 
      37
    ], 
    "state": "MA", 
    "party": "Democrat"
  }, 
  "300058": {
    "bioguide": "J000177", 
    "last": "Johnson", 
    "name": "Tim Johnson", 
    "url": "http://www.johnson.senate.gov", 
    "votes": [
      36, 
      37
    ], 
    "state": "SD", 
    "party": "Democrat"
  }, 
  "412545": {
    "bioguide": "K000383", 
    "last": "King", 
    "name": "Angus S. King, Jr.", 
    "url": "http://www.king.senate.gov", 
    "votes": [
      35, 
      37
    ], 
    "state": "ME", 
    "party": "Independent"
  }, 
  "412556": {
    "bioguide": "F000463", 
    "last": "Fischer", 
    "name": "Deb Fischer", 
    "url": "http://www.fischer.senate.gov", 
    "votes": [
      37, 
      37
    ], 
    "state": "NE", 
    "party": "Republican"
  }, 
  "412554": {
    "bioguide": "H001069", 
    "last": "Heitkamp", 
    "name": "Heidi Heitkamp", 
    "url": "http://www.heitkamp.senate.gov", 
    "votes": [
      37, 
      37
    ], 
    "state": "ND", 
    "party": "Democrat"
  }, 
  "300043": {
    "bioguide": "F000062", 
    "last": "Feinstein", 
    "name": "Dianne Feinstein", 
    "url": "http://www.feinstein.senate.gov", 
    "votes": [
      37, 
      37
    ], 
    "state": "CA", 
    "party": "Democrat"
  }, 
  "300041": {
    "bioguide": "E000285", 
    "last": "Enzi", 
    "name": "Michael B. Enzi", 
    "url": "http://www.enzi.senate.gov", 
    "votes": [
      37, 
      37
    ], 
    "state": "WY", 
    "party": "Republican"
  }, 
  "300047": {
    "bioguide": "G000359", 
    "last": "Graham", 
    "name": "Lindsey Graham", 
    "url": "http://www.lgraham.senate.gov", 
    "votes": [
      35, 
      37
    ], 
    "state": "SC", 
    "party": "Republican"
  }, 
  "412223": {
    "bioguide": "G000555", 
    "last": "Gillibrand", 
    "name": "Kirsten E. Gillibrand", 
    "url": "http://www.gillibrand.senate.gov", 
    "votes": [
      36, 
      37
    ], 
    "state": "NY", 
    "party": "Democrat"
  }, 
  "300048": {
    "bioguide": "G000386", 
    "last": "Grassley", 
    "name": "Chuck Grassley", 
    "url": "http://www.grassley.senate.gov", 
    "votes": [
      37, 
      37
    ], 
    "state": "IA", 
    "party": "Republican"
  }, 
  "402675": {
    "bioguide": "C000542", 
    "last": "Coats", 
    "name": "Daniel Coats", 
    "url": "http://www.coats.senate.gov", 
    "votes": [
      34, 
      37
    ], 
    "state": "IN", 
    "party": "Republican"
  }, 
  "412218": {
    "bioguide": "H001041", 
    "last": "Heller", 
    "name": "Dean Heller", 
    "url": "http://www.heller.senate.gov", 
    "votes": [
      36, 
      37
    ], 
    "state": "NV", 
    "party": "Republican"
  }, 
  "400013": {
    "bioguide": "B001230", 
    "last": "Baldwin", 
    "name": "Tammy Baldwin", 
    "url": "http://www.baldwin.senate.gov", 
    "votes": [
      37, 
      37
    ], 
    "state": "WI", 
    "party": "Democrat"
  }, 
  "412194": {
    "bioguide": "M001169", 
    "last": "Murphy", 
    "name": "Christopher Murphy", 
    "url": "http://www.murphy.senate.gov", 
    "votes": [
      37, 
      37
    ], 
    "state": "CT", 
    "party": "Democrat"
  }, 
  "300030": {
    "bioguide": "C000880", 
    "last": "Crapo", 
    "name": "Mike Crapo", 
    "url": "http://www.crapo.senate.gov", 
    "votes": [
      35, 
      37
    ], 
    "state": "ID", 
    "party": "Republican"
  }, 
  "300038": {
    "bioguide": "D000563", 
    "last": "Durbin", 
    "name": "Richard J. Durbin", 
    "url": "http://www.durbin.senate.gov", 
    "votes": [
      37, 
      37
    ], 
    "state": "IL", 
    "party": "Democrat"
  }
}