{
  "300025": {
    "bioguide": "C001035", 
    "last": "Collins", 
    "name": "Susan M. Collins", 
    "url": "http://www.collins.senate.gov", 
    "votes": [
      633, 
      633
    ], 
    "state": "ME", 
    "party": "Republican"
  }, 
  "300026": {
    "bioguide": "C000705", 
    "last": "Conrad", 
    "name": "Kent Conrad", 
    "url": "http://conrad.senate.gov", 
    "votes": [
      629, 
      633
    ], 
    "state": "ND", 
    "party": "Democrat"
  }, 
  "300020": {
    "bioguide": "C001040", 
    "last": "Chafee", 
    "name": "Lincoln Chafee", 
    "url": "http://chafee.senate.gov", 
    "votes": [
      632, 
      633
    ], 
    "state": "RI", 
    "party": "Republican"
  }, 
  "300023": {
    "bioguide": "C000567", 
    "last": "Cochran", 
    "name": "Thad Cochran", 
    "url": "http://www.cochran.senate.gov", 
    "votes": [
      630, 
      633
    ], 
    "state": "MS", 
    "party": "Republican"
  }, 
  "300022": {
    "bioguide": "C001041", 
    "last": "Clinton", 
    "name": "Hillary Clinton", 
    "url": "http://clinton.senate.gov", 
    "votes": [
      628, 
      633
    ], 
    "state": "NY", 
    "party": "Democrat"
  }, 
  "300029": {
    "bioguide": "C000858", 
    "last": "Craig", 
    "name": "Larry Craig", 
    "url": "http://craig.senate.gov", 
    "votes": [
      619, 
      633
    ], 
    "state": "ID", 
    "party": "Republican"
  }, 
  "300028": {
    "bioguide": "C001042", 
    "last": "Corzine", 
    "name": "Jon Corzine", 
    "url": "http://corzine.senate.gov", 
    "votes": [
      622, 
      633
    ], 
    "state": "NJ", 
    "party": "Democrat"
  }, 
  "400566": {
    "bioguide": "W000288", 
    "last": "Wellstone", 
    "name": "Paul Wellstone", 
    "url": "", 
    "votes": [
      614, 
      619
    ], 
    "state": "MN", 
    "party": "Democrat"
  }, 
  "300098": {
    "bioguide": "V000126", 
    "last": "Voinovich", 
    "name": "George Voinovich", 
    "url": "http://voinovich.senate.gov/", 
    "votes": [
      608, 
      633
    ], 
    "state": "OH", 
    "party": "Republican"
  }, 
  "300099": {
    "bioguide": "W000154", 
    "last": "Warner", 
    "name": "John Warner", 
    "url": "http://warner.senate.gov/", 
    "votes": [
      622, 
      633
    ], 
    "state": "VA", 
    "party": "Republican"
  }, 
  "300090": {
    "bioguide": "S001142", 
    "last": "Smith", 
    "name": "Gordon Smith", 
    "url": "http://gsmith.senate.gov/", 
    "votes": [
      623, 
      633
    ], 
    "state": "OR", 
    "party": "Republican"
  }, 
  "300091": {
    "bioguide": "S000663", 
    "last": "Snowe", 
    "name": "Olympia J. Snowe", 
    "url": "http://snowe.senate.gov/", 
    "votes": [
      633, 
      633
    ], 
    "state": "ME", 
    "party": "Republican"
  }, 
  "300092": {
    "bioguide": "S000709", 
    "last": "Specter", 
    "name": "Arlen Specter", 
    "url": "http://specter.senate.gov/", 
    "votes": [
      623, 
      633
    ], 
    "state": "PA", 
    "party": "Democrat"
  }, 
  "300093": {
    "bioguide": "S000770", 
    "last": "Stabenow", 
    "name": "Debbie Stabenow", 
    "url": "http://www.stabenow.senate.gov", 
    "votes": [
      632, 
      633
    ], 
    "state": "MI", 
    "party": "Democrat"
  }, 
  "300094": {
    "bioguide": "S000888", 
    "last": "Stevens", 
    "name": "Ted Stevens", 
    "url": "http://stevens.senate.gov/", 
    "votes": [
      583, 
      633
    ], 
    "state": "AK", 
    "party": "Republican"
  }, 
  "300097": {
    "bioguide": "T000162", 
    "last": "Thomas", 
    "name": "Craig Thomas", 
    "url": "http://thomas.senate.gov/", 
    "votes": [
      609, 
      633
    ], 
    "state": "WY", 
    "party": "Republican"
  }, 
  "300010": {
    "bioguide": "B000611", 
    "last": "Bond", 
    "name": "Christopher Bond", 
    "url": "http://bond.senate.gov", 
    "votes": [
      615, 
      633
    ], 
    "state": "MO", 
    "party": "Republican"
  }, 
  "300158": {
    "bioguide": "T000457", 
    "last": "Thompson", 
    "name": "Fred Thompson", 
    "url": "", 
    "votes": [
      613, 
      633
    ], 
    "state": "TN", 
    "party": "Republican"
  }, 
  "300012": {
    "bioguide": "B000780", 
    "last": "Breaux", 
    "name": "John Breaux", 
    "url": "http://breaux.senate.gov/", 
    "votes": [
      623, 
      633
    ], 
    "state": "LA", 
    "party": "Democrat"
  }, 
  "300013": {
    "bioguide": "B000953", 
    "last": "Brownback", 
    "name": "Samuel Brownback", 
    "url": "http://brownback.senate.gov", 
    "votes": [
      617, 
      633
    ], 
    "state": "KS", 
    "party": "Republican"
  }, 
  "300014": {
    "bioguide": "B001066", 
    "last": "Bunning", 
    "name": "Jim Bunning", 
    "url": "http://bunning.senate.gov", 
    "votes": [
      619, 
      633
    ], 
    "state": "KY", 
    "party": "Republican"
  }, 
  "300015": {
    "bioguide": "B001126", 
    "last": "Burns", 
    "name": "Conrad Burns", 
    "url": "http://burns.senate.gov", 
    "votes": [
      612, 
      633
    ], 
    "state": "MT", 
    "party": "Republican"
  }, 
  "300016": {
    "bioguide": "B001210", 
    "last": "Byrd", 
    "name": "Robert Byrd", 
    "url": "http://byrd.senate.gov", 
    "votes": [
      631, 
      633
    ], 
    "state": "WV", 
    "party": "Democrat"
  }, 
  "300017": {
    "bioguide": "C000077", 
    "last": "Campbell", 
    "name": "Ben Campbell", 
    "url": "http://campbell.senate.gov/", 
    "votes": [
      616, 
      633
    ], 
    "state": "CO", 
    "party": "Republican"
  }, 
  "300018": {
    "bioguide": "C000127", 
    "last": "Cantwell", 
    "name": "Maria Cantwell", 
    "url": "http://www.cantwell.senate.gov", 
    "votes": [
      631, 
      633
    ], 
    "state": "WA", 
    "party": "Democrat"
  }, 
  "300019": {
    "bioguide": "C000174", 
    "last": "Carper", 
    "name": "Thomas R. Carper", 
    "url": "http://www.carper.senate.gov", 
    "votes": [
      628, 
      633
    ], 
    "state": "DE", 
    "party": "Democrat"
  }, 
  "300153": {
    "bioguide": "C001043", 
    "last": "Carnahan", 
    "name": "Jean Carnahan", 
    "url": "", 
    "votes": [
      623, 
      633
    ], 
    "state": "MO", 
    "party": "Democrat"
  }, 
  "300152": {
    "bioguide": "C001034", 
    "last": "Cleland", 
    "name": "J. Cleland", 
    "url": "", 
    "votes": [
      629, 
      633
    ], 
    "state": "GA", 
    "party": "Democrat"
  }, 
  "300155": {
    "bioguide": "S000606", 
    "last": "Smith", 
    "name": "Bob Smith", 
    "url": "", 
    "votes": [
      621, 
      633
    ], 
    "state": "NH", 
    "party": "Republican"
  }, 
  "300154": {
    "bioguide": "H000463", 
    "last": "Helms", 
    "name": "Jesse Helms", 
    "url": "", 
    "votes": [
      446, 
      633
    ], 
    "state": "NC", 
    "party": "Republican"
  }, 
  "300157": {
    "bioguide": "T000254", 
    "last": "Thurmond", 
    "name": "J. Thurmond", 
    "url": "", 
    "votes": [
      620, 
      633
    ], 
    "state": "SC", 
    "party": "Republican"
  }, 
  "300156": {
    "bioguide": "T000317", 
    "last": "Torricelli", 
    "name": "Robert Torricelli", 
    "url": "", 
    "votes": [
      582, 
      633
    ], 
    "state": "NJ", 
    "party": "Democrat"
  }, 
  "300087": {
    "bioguide": "S000148", 
    "last": "Schumer", 
    "name": "Charles E. Schumer", 
    "url": "http://www.schumer.senate.gov", 
    "votes": [
      622, 
      633
    ], 
    "state": "NY", 
    "party": "Democrat"
  }, 
  "300086": {
    "bioguide": "S000064", 
    "last": "Sarbanes", 
    "name": "Paul Sarbanes", 
    "url": "http://sarbanes.senate.gov/", 
    "votes": [
      631, 
      633
    ], 
    "state": "MD", 
    "party": "Democrat"
  }, 
  "300085": {
    "bioguide": "S000059", 
    "last": "Santorum", 
    "name": "Richard Santorum", 
    "url": "http://santorum.senate.gov/", 
    "votes": [
      619, 
      633
    ], 
    "state": "PA", 
    "party": "Republican"
  }, 
  "300084": {
    "bioguide": "R000361", 
    "last": "Rockefeller", 
    "name": "John D. Rockefeller, IV", 
    "url": "http://www.rockefeller.senate.gov", 
    "votes": [
      626, 
      633
    ], 
    "state": "WV", 
    "party": "Democrat"
  }, 
  "300083": {
    "bioguide": "R000307", 
    "last": "Roberts", 
    "name": "Pat Roberts", 
    "url": "http://www.roberts.senate.gov", 
    "votes": [
      618, 
      633
    ], 
    "state": "KS", 
    "party": "Republican"
  }, 
  "300082": {
    "bioguide": "R000146", 
    "last": "Reid", 
    "name": "Harry Reid", 
    "url": "http://www.reid.senate.gov", 
    "votes": [
      633, 
      633
    ], 
    "state": "NV", 
    "party": "Democrat"
  }, 
  "300081": {
    "bioguide": "R000122", 
    "last": "Reed", 
    "name": "Jack Reed", 
    "url": "http://www.reed.senate.gov", 
    "votes": [
      630, 
      633
    ], 
    "state": "RI", 
    "party": "Democrat"
  }, 
  "300089": {
    "bioguide": "S000320", 
    "last": "Shelby", 
    "name": "Richard C. Shelby", 
    "url": "http://www.shelby.senate.gov", 
    "votes": [
      620, 
      633
    ], 
    "state": "AL", 
    "party": "Republican"
  }, 
  "300088": {
    "bioguide": "S001141", 
    "last": "Sessions", 
    "name": "Jeff Sessions", 
    "url": "http://www.sessions.senate.gov", 
    "votes": [
      607, 
      633
    ], 
    "state": "AL", 
    "party": "Republican"
  }, 
  "300159": {
    "bioguide": "G000365", 
    "last": "Gramm", 
    "name": "Phil Gramm", 
    "url": "", 
    "votes": [
      606, 
      633
    ], 
    "state": "TX", 
    "party": "Republican"
  }, 
  "300011": {
    "bioguide": "B000711", 
    "last": "Boxer", 
    "name": "Barbara Boxer", 
    "url": "http://www.boxer.senate.gov", 
    "votes": [
      609, 
      633
    ], 
    "state": "CA", 
    "party": "Democrat"
  }, 
  "300009": {
    "bioguide": "B000468", 
    "last": "Bingaman", 
    "name": "Jeff Bingaman", 
    "url": "http://bingaman.senate.gov", 
    "votes": [
      619, 
      633
    ], 
    "state": "NM", 
    "party": "Democrat"
  }, 
  "300008": {
    "bioguide": "B000444", 
    "last": "Biden", 
    "name": "Joseph Biden", 
    "url": "http://biden.senate.gov", 
    "votes": [
      617, 
      633
    ], 
    "state": "DE", 
    "party": "Democrat"
  }, 
  "300007": {
    "bioguide": "B000382", 
    "last": "Bennett", 
    "name": "Robert Bennett", 
    "url": "http://bennett.senate.gov", 
    "votes": [
      613, 
      633
    ], 
    "state": "UT", 
    "party": "Republican"
  }, 
  "300006": {
    "bioguide": "B001233", 
    "last": "Bayh", 
    "name": "Evan Bayh", 
    "url": "http://bayh.senate.gov", 
    "votes": [
      632, 
      633
    ], 
    "state": "IN", 
    "party": "Democrat"
  }, 
  "300005": {
    "bioguide": "B000243", 
    "last": "Baucus", 
    "name": "Max Baucus", 
    "url": "http://www.baucus.senate.gov", 
    "votes": [
      619, 
      633
    ], 
    "state": "MT", 
    "party": "Democrat"
  }, 
  "300004": {
    "bioguide": "A000121", 
    "last": "Allen", 
    "name": "George Allen", 
    "url": "http://allen.senate.gov", 
    "votes": [
      628, 
      633
    ], 
    "state": "VA", 
    "party": "Republican"
  }, 
  "300003": {
    "bioguide": "A000109", 
    "last": "Allard", 
    "name": "Wayne Allard", 
    "url": "http://allard.senate.gov", 
    "votes": [
      626, 
      633
    ], 
    "state": "CO", 
    "party": "Republican"
  }, 
  "300001": {
    "bioguide": "A000069", 
    "last": "Akaka", 
    "name": "Daniel K. Akaka", 
    "url": "http://akaka.senate.gov", 
    "votes": [
      592, 
      633
    ], 
    "state": "HI", 
    "party": "Democrat"
  }, 
  "300151": {
    "bioguide": "H001015", 
    "last": "Hutchinson", 
    "name": "Tim Hutchinson", 
    "url": "", 
    "votes": [
      605, 
      633
    ], 
    "state": "AR", 
    "party": "Republican"
  }, 
  "300150": {
    "bioguide": "M001085", 
    "last": "Murkowski", 
    "name": "Frank Murkowski", 
    "url": "", 
    "votes": [
      584, 
      633
    ], 
    "state": "AK", 
    "party": "Republican"
  }, 
  "300078": {
    "bioguide": "N000032", 
    "last": "Nelson", 
    "name": "Bill Nelson", 
    "url": "http://www.billnelson.senate.gov", 
    "votes": [
      628, 
      633
    ], 
    "state": "FL", 
    "party": "Democrat"
  }, 
  "300079": {
    "bioguide": "N000102", 
    "last": "Nickles", 
    "name": "Don Nickles", 
    "url": "http://nickles.senate.gov/", 
    "votes": [
      623, 
      633
    ], 
    "state": "OK", 
    "party": "Republican"
  }, 
  "300072": {
    "bioguide": "M000355", 
    "last": "McConnell", 
    "name": "Mitch McConnell", 
    "url": "http://www.mcconnell.senate.gov", 
    "votes": [
      627, 
      633
    ], 
    "state": "KY", 
    "party": "Republican"
  }, 
  "300073": {
    "bioguide": "M000702", 
    "last": "Mikulski", 
    "name": "Barbara A. Mikulski", 
    "url": "http://www.mikulski.senate.gov", 
    "votes": [
      623, 
      633
    ], 
    "state": "MD", 
    "party": "Democrat"
  }, 
  "300070": {
    "bioguide": "L000504", 
    "last": "Lugar", 
    "name": "Richard G. Lugar", 
    "url": "http://lugar.senate.gov/", 
    "votes": [
      633, 
      633
    ], 
    "state": "IN", 
    "party": "Republican"
  }, 
  "300071": {
    "bioguide": "M000303", 
    "last": "McCain", 
    "name": "John McCain", 
    "url": "http://www.mccain.senate.gov", 
    "votes": [
      600, 
      633
    ], 
    "state": "AZ", 
    "party": "Republican"
  }, 
  "300076": {
    "bioguide": "M001111", 
    "last": "Murray", 
    "name": "Patty Murray", 
    "url": "http://www.murray.senate.gov", 
    "votes": [
      625, 
      633
    ], 
    "state": "WA", 
    "party": "Democrat"
  }, 
  "300077": {
    "bioguide": "N000180", 
    "last": "Nelson", 
    "name": "Ben Nelson", 
    "url": "http://bennelson.senate.gov/", 
    "votes": [
      626, 
      633
    ], 
    "state": "NE", 
    "party": "Democrat"
  }, 
  "300074": {
    "bioguide": "M001141", 
    "last": "Miller", 
    "name": "Zell Miller", 
    "url": "http://miller.senate.gov/", 
    "votes": [
      593, 
      633
    ], 
    "state": "GA", 
    "party": "Democrat"
  }, 
  "300069": {
    "bioguide": "L000447", 
    "last": "Lott", 
    "name": "Trent Lott", 
    "url": "http://lott.senate.gov/", 
    "votes": [
      621, 
      633
    ], 
    "state": "MS", 
    "party": "Republican"
  }, 
  "300068": {
    "bioguide": "L000035", 
    "last": "Lincoln", 
    "name": "Blanche Lincoln", 
    "url": "http://lincoln.senate.gov/", 
    "votes": [
      628, 
      633
    ], 
    "state": "AR", 
    "party": "Democrat"
  }, 
  "300100": {
    "bioguide": "W000779", 
    "last": "Wyden", 
    "name": "Ron Wyden", 
    "url": "http://www.wyden.senate.gov", 
    "votes": [
      632, 
      633
    ], 
    "state": "OR", 
    "party": "Democrat"
  }, 
  "300061": {
    "bioguide": "K000305", 
    "last": "Kohl", 
    "name": "Herb Kohl", 
    "url": "http://kohl.senate.gov/", 
    "votes": [
      619, 
      633
    ], 
    "state": "WI", 
    "party": "Democrat"
  }, 
  "300060": {
    "bioguide": "K000148", 
    "last": "Kerry", 
    "name": "John F. Kerry", 
    "url": "http://www.kerry.senate.gov", 
    "votes": [
      613, 
      633
    ], 
    "state": "MA", 
    "party": "Democrat"
  }, 
  "300063": {
    "bioguide": "L000550", 
    "last": "Landrieu", 
    "name": "Mary L. Landrieu", 
    "url": "http://www.landrieu.senate.gov", 
    "votes": [
      617, 
      633
    ], 
    "state": "LA", 
    "party": "Democrat"
  }, 
  "300062": {
    "bioguide": "K000352", 
    "last": "Kyl", 
    "name": "Jon Kyl", 
    "url": "http://kyl.senate.gov/", 
    "votes": [
      627, 
      633
    ], 
    "state": "AZ", 
    "party": "Republican"
  }, 
  "300065": {
    "bioguide": "L000174", 
    "last": "Leahy", 
    "name": "Patrick J. Leahy", 
    "url": "http://www.leahy.senate.gov", 
    "votes": [
      625, 
      633
    ], 
    "state": "VT", 
    "party": "Democrat"
  }, 
  "300067": {
    "bioguide": "L000304", 
    "last": "Lieberman", 
    "name": "Joseph I. Lieberman", 
    "url": "http://lieberman.senate.gov/", 
    "votes": [
      621, 
      633
    ], 
    "state": "CT", 
    "party": "Independent"
  }, 
  "300066": {
    "bioguide": "L000261", 
    "last": "Levin", 
    "name": "Carl Levin", 
    "url": "http://www.levin.senate.gov", 
    "votes": [
      633, 
      633
    ], 
    "state": "MI", 
    "party": "Democrat"
  }, 
  "300054": {
    "bioguide": "H001016", 
    "last": "Hutchison", 
    "name": "Kay Bailey Hutchison", 
    "url": "http://hutchison.senate.gov/", 
    "votes": [
      619, 
      633
    ], 
    "state": "TX", 
    "party": "Republican"
  }, 
  "300055": {
    "bioguide": "I000024", 
    "last": "Inhofe", 
    "name": "James M. Inhofe", 
    "url": "http://www.inhofe.senate.gov", 
    "votes": [
      607, 
      633
    ], 
    "state": "OK", 
    "party": "Republican"
  }, 
  "300056": {
    "bioguide": "I000025", 
    "last": "Inouye", 
    "name": "Daniel K. Inouye", 
    "url": "http://inouye.senate.gov/", 
    "votes": [
      587, 
      633
    ], 
    "state": "HI", 
    "party": "Democrat"
  }, 
  "300057": {
    "bioguide": "J000072", 
    "last": "Jeffords", 
    "name": "James Jeffords", 
    "url": "http://jeffords.senate.gov/", 
    "votes": [
      600, 
      633
    ], 
    "state": "VT", 
    "party": "Independent"
  }, 
  "300050": {
    "bioguide": "H001028", 
    "last": "Hagel", 
    "name": "Charles Hagel", 
    "url": "http://hagel.senate.gov/", 
    "votes": [
      625, 
      633
    ], 
    "state": "NE", 
    "party": "Republican"
  }, 
  "300051": {
    "bioguide": "H000206", 
    "last": "Harkin", 
    "name": "Tom Harkin", 
    "url": "http://www.harkin.senate.gov", 
    "votes": [
      618, 
      633
    ], 
    "state": "IA", 
    "party": "Democrat"
  }, 
  "300052": {
    "bioguide": "H000338", 
    "last": "Hatch", 
    "name": "Orrin G. Hatch", 
    "url": "http://www.hatch.senate.gov", 
    "votes": [
      616, 
      633
    ], 
    "state": "UT", 
    "party": "Republican"
  }, 
  "300053": {
    "bioguide": "H000725", 
    "last": "Hollings", 
    "name": "Ernest Hollings", 
    "url": "http://hollings.senate.gov/", 
    "votes": [
      632, 
      633
    ], 
    "state": "SC", 
    "party": "Democrat"
  }, 
  "300058": {
    "bioguide": "J000177", 
    "last": "Johnson", 
    "name": "Tim Johnson", 
    "url": "http://www.johnson.senate.gov", 
    "votes": [
      625, 
      633
    ], 
    "state": "SD", 
    "party": "Democrat"
  }, 
  "300059": {
    "bioguide": "K000105", 
    "last": "Kennedy", 
    "name": "Edward Kennedy", 
    "url": "http://kennedy.senate.gov/", 
    "votes": [
      605, 
      633
    ], 
    "state": "MA", 
    "party": "Democrat"
  }, 
  "300043": {
    "bioguide": "F000062", 
    "last": "Feinstein", 
    "name": "Dianne Feinstein", 
    "url": "http://www.feinstein.senate.gov", 
    "votes": [
      624, 
      633
    ], 
    "state": "CA", 
    "party": "Democrat"
  }, 
  "300042": {
    "bioguide": "F000061", 
    "last": "Feingold", 
    "name": "Russell Feingold", 
    "url": "http://feingold.senate.gov", 
    "votes": [
      633, 
      633
    ], 
    "state": "WI", 
    "party": "Democrat"
  }, 
  "300041": {
    "bioguide": "E000285", 
    "last": "Enzi", 
    "name": "Michael B. Enzi", 
    "url": "http://www.enzi.senate.gov", 
    "votes": [
      611, 
      633
    ], 
    "state": "WY", 
    "party": "Republican"
  }, 
  "300040": {
    "bioguide": "E000194", 
    "last": "Ensign", 
    "name": "John Ensign", 
    "url": "http://ensign.senate.gov", 
    "votes": [
      608, 
      633
    ], 
    "state": "NV", 
    "party": "Republican"
  }, 
  "300046": {
    "bioguide": "G000352", 
    "last": "Graham", 
    "name": "Bob Graham", 
    "url": "http://graham.senate.gov/", 
    "votes": [
      632, 
      633
    ], 
    "state": "FL", 
    "party": "Democrat"
  }, 
  "300045": {
    "bioguide": "F000439", 
    "last": "Frist", 
    "name": "William Frist", 
    "url": "http://frist.senate.gov", 
    "votes": [
      620, 
      633
    ], 
    "state": "TN", 
    "party": "Republican"
  }, 
  "300044": {
    "bioguide": "F000442", 
    "last": "Fitzgerald", 
    "name": "Peter Fitzgerald", 
    "url": "http://fitzgerald.senate.gov/", 
    "votes": [
      633, 
      633
    ], 
    "state": "IL", 
    "party": "Republican"
  }, 
  "300049": {
    "bioguide": "G000445", 
    "last": "Gregg", 
    "name": "Judd Gregg", 
    "url": "http://gregg.senate.gov/", 
    "votes": [
      615, 
      633
    ], 
    "state": "NH", 
    "party": "Republican"
  }, 
  "300048": {
    "bioguide": "G000386", 
    "last": "Grassley", 
    "name": "Chuck Grassley", 
    "url": "http://www.grassley.senate.gov", 
    "votes": [
      633, 
      633
    ], 
    "state": "IA", 
    "party": "Republican"
  }, 
  "401147": {
    "bioguide": "B001237", 
    "last": "Barkley", 
    "name": "Dean Barkley", 
    "url": "", 
    "votes": [
      14, 
      14
    ], 
    "state": "MN", 
    "party": "Independent"
  }, 
  "300036": {
    "bioguide": "D000407", 
    "last": "Domenici", 
    "name": "Pete Domenici", 
    "url": "http://domenici.senate.gov", 
    "votes": [
      569, 
      633
    ], 
    "state": "NM", 
    "party": "Republican"
  }, 
  "300037": {
    "bioguide": "D000432", 
    "last": "Dorgan", 
    "name": "Byron Dorgan", 
    "url": "http://dorgan.senate.gov", 
    "votes": [
      625, 
      633
    ], 
    "state": "ND", 
    "party": "Democrat"
  }, 
  "300034": {
    "bioguide": "D000388", 
    "last": "Dodd", 
    "name": "Christopher Dodd", 
    "url": "http://dodd.senate.gov", 
    "votes": [
      609, 
      633
    ], 
    "state": "CT", 
    "party": "Democrat"
  }, 
  "300032": {
    "bioguide": "D000596", 
    "last": "Dayton", 
    "name": "Mark Dayton", 
    "url": "http://dayton.senate.gov", 
    "votes": [
      620, 
      633
    ], 
    "state": "MN", 
    "party": "Democrat"
  }, 
  "300033": {
    "bioguide": "D000294", 
    "last": "DeWine", 
    "name": "Michael DeWine", 
    "url": "http://dewine.senate.gov", 
    "votes": [
      630, 
      633
    ], 
    "state": "OH", 
    "party": "Republican"
  }, 
  "300030": {
    "bioguide": "C000880", 
    "last": "Crapo", 
    "name": "Mike Crapo", 
    "url": "http://www.crapo.senate.gov", 
    "votes": [
      601, 
      633
    ], 
    "state": "ID", 
    "party": "Republican"
  }, 
  "300031": {
    "bioguide": "D000064", 
    "last": "Daschle", 
    "name": "Thomas Daschle", 
    "url": "http://daschle.senate.gov/", 
    "votes": [
      616, 
      633
    ], 
    "state": "SD", 
    "party": "Democrat"
  }, 
  "300038": {
    "bioguide": "D000563", 
    "last": "Durbin", 
    "name": "Richard J. Durbin", 
    "url": "http://www.durbin.senate.gov", 
    "votes": [
      626, 
      633
    ], 
    "state": "IL", 
    "party": "Democrat"
  }, 
  "300039": {
    "bioguide": "E000286", 
    "last": "Edwards", 
    "name": "John Edwards", 
    "url": "http://edwards.senate.gov/", 
    "votes": [
      630, 
      633
    ], 
    "state": "NC", 
    "party": "Democrat"
  }
}